username,firstname,lastname,email,phone,password
ableackley0,Abner,Bleackley,ableackley0@devhub.com,8675570747,mbclkJVbnxU8
acarlick1,Aguie,Carlick,acarlick1@bloglovin.com,6196210073,zpbLk0B1SB
kdavison2,Kath,Davison,kdavison2@netlog.com,2288301827,Txc19vi
kroxbrough3,Kipp,Roxbrough,kroxbrough3@newyorker.com,8017339106,yiFq566P
oleivesley4,Ophelie,Leivesley,oleivesley4@cbc.ca,8313169983,jxKORsJcX
thugill5,Tucker,Hugill,thugill5@topsy.com,5776184893,PvJolwPSitJ
jrubi6,Juanita,Rubi,jrubi6@miitbeian.gov.cn,5925453643,m9yGp0
hcowthard7,Helen,Cowthard,hcowthard7@tripadvisor.com,1601774414,ZYIW3uVl
csorrill8,Charleen,Sorrill,csorrill8@un.org,1912416789,2d2oX0jD3T
creichert9,Carlos,Reichert,creichert9@topsy.com,4513176851,xCvORToH
mparlora,Marlon,Parlor,mparlora@usda.gov,3642290473,C65nAgu
dfrobisherb,Demetre,Frobisher,dfrobisherb@pcworld.com,7217036368,CRLqP6t
mpatryc,Manfred,Patry,mpatryc@intel.com,4656400797,AXO1Us
cbandd,Con,Band,cbandd@topsy.com,8359792851,SLTbBgN6Y
dbembrigge,Derrek,Bembrigg,dbembrigge@csmonitor.com,7207315976,c7RjPzCTe
fstanmanf,Frazier,Stanman,fstanmanf@yellowbook.com,8032835539,3ByHBN4r
dsainesg,Dorree,Saines,dsainesg@behance.net,9814095034,P9msH8h
ckofaxh,Clyde,Kofax,ckofaxh@nasa.gov,3885051402,YCr5fGSRhKc
mallixi,Mia,Allix,mallixi@plala.or.jp,8838336635,1q3dLRX
madamovskyj,Mordecai,Adamovsky,madamovskyj@reddit.com,9289542162,OwBWmo
lvasilmanovk,Lothaire,Vasilmanov,lvasilmanovk@netscape.com,6285232121,daxsOFzK2
jlennardel,Joline,Lennarde,jlennardel@mediafire.com,3463304242,iORDUdC
cfinneranm,Carlee,Finneran,cfinneranm@washingtonpost.com,8158451054,2y7ZQKa6
bpeaken,Bank,Peake,bpeaken@youtube.com,7432953690,ZaoZxzjVj
kstucko,Kara-lynn,Stuck,kstucko@cbslocal.com,9664551478,GNz7T8
mandrip,Melli,Andri,mandrip@moonfruit.com,9854935741,xpbG4Yr
pbussellq,Purcell,Bussell,pbussellq@unesco.org,8584662689,shaZ4CYhI
srussellr,Sella,Russell,srussellr@ibm.com,5517243313,S8Ot6m5Vvmri
elivingstons,Erin,Livingston,elivingstons@twitter.com,6231542904,GaB0RIuY3
ecawderyt,Ericha,Cawdery,ecawderyt@wikia.com,7199720589,YPEz5u4
